,index,bitter,meaty,piquant,salty,sour,sweet
0,1-2-3-Gluten-Free-Pancakes-1533270,0.3333333333333333,0.5,0.0,0.16666666666666666,0.16666666666666666,0.5
1,2-INGREDIENT-PANCAKES-1683615,,,,,,
2,2-Ingredient-Pancakes-1264118,0.16666666666666666,0.16666666666666666,0.0,0.16666666666666666,0.3333333333333333,0.5
3,2-Minute-Omelette-in-a-Mug-977874,0.8333333333333334,0.8333333333333334,0.5,0.8333333333333334,0.16666666666666666,0.16666666666666666
4,21-Day-Fix-Spinach-Pesto-Frittata-1269076,0.16666666666666666,0.16666666666666666,0.0,0.3333333333333333,0.16666666666666666,0.16666666666666666
5,3-Ingredient-Bacon-Asparagus-Frittata-1602561,0.6666666666666666,0.8333333333333334,0.0,0.5,0.16666666666666666,0.16666666666666666
6,3-Ingredient-Egg-Breakfast-Skillet-1540181,0.8333333333333334,0.5,0.0,0.8333333333333334,0.6666666666666666,0.16666666666666666
7,3-Ingredient-Peanut-Butter-Pancakes-579838,0.16666666666666666,0.16666666666666666,0.0,0.16666666666666666,0.3333333333333333,0.5
8,3-Ingredient-Protein-Powder-Pancakes-1563205,0.16666666666666666,0.5,0.0,0.16666666666666666,0.16666666666666666,0.5
9,4-Ingredient-Banana-Pancakes-1684831,,,,,,
10,4-Simple-Breakfasts-with-Berries_-Yogurt_-and-Donuts-1695469,,,,,,
11,5-Ingredient-Vegan-Banana-French-Toast-1640908,,,,,,
12,5-Minute-Protein-Pancakes-1267630,0.6666666666666666,0.6666666666666666,0.0,0.16666666666666666,0.6666666666666666,0.3333333333333333
13,African-Pancakes-1618969,0.16666666666666666,0.5,0.0,0.16666666666666666,0.16666666666666666,0.6666666666666666
14,Alanna_s-peanut-butter-oatmeal-309979,,,,,,
15,Almond-Blueberry-French-Toast-1690330,,,,,,
16,Almond-Butter-Pancakes-1087916,0.3333333333333333,0.8333333333333334,0.0,0.16666666666666666,0.16666666666666666,0.5
17,Almond-Pancakes-with-Almond-Breeze-1631862,0.16666666666666666,0.8333333333333334,0.0,0.8333333333333334,0.16666666666666666,0.6666666666666666
18,American-style-Blueberry-Pancakes-1707717,0.5,0.16666666666666666,0.0,0.5,0.16666666666666666,0.5
19,Another-Gluten-Free-Pancake-1690464,,,,,,
20,Apple-Cinnamon-French-Toast-1624670,0.16666666666666666,0.16666666666666666,0.0,0.16666666666666666,0.16666666666666666,0.6666666666666666
21,Apple-Cinnamon-Oatmeal-1629567,,,,,,
22,Apple-Cinnamon-Overnight-Oatmeal-1701420,0.16666666666666666,0.16666666666666666,0.0,0.16666666666666666,0.16666666666666666,0.5
23,Apple-Cinnamon-Syrup-1597843,0.16666666666666666,0.16666666666666666,0.0,0.16666666666666666,0.16666666666666666,0.5
24,Apple-Pancakes-1103486,0.5,0.16666666666666666,0.0,0.6666666666666666,0.16666666666666666,0.5
25,Apple-Pie-Overnight-Oats-1689508,,,,,,
26,Apple-pancakes-307171,0.16666666666666666,0.16666666666666666,0.0,0.3333333333333333,0.16666666666666666,0.5
27,Apricot-Vanilla-Cashew-Refrigerator-Oatmeal-1698206,,,,,,
28,Avocado-Bacon-and-Eggs-1019540,,,,,,
29,Avocado-Breakfast-Bake-627945,0.8333333333333334,0.8333333333333334,0.0,0.6666666666666666,0.5,0.16666666666666666
30,BANANA-OATMEAL-PANCAKES-1631508,,,,,,
31,BASIC-DUTCH-BABY-1618980,0.16666666666666666,0.5,0.0,0.3333333333333333,0.16666666666666666,0.16666666666666666
32,BLUEBERRY-YOGURT-PANCAKES-1687573,0.16666666666666666,0.16666666666666666,0.0,0.6666666666666666,0.16666666666666666,0.6666666666666666
33,BROCCOLI-QUICHE-1218721,0.8333333333333334,0.8333333333333334,0.0,0.8333333333333334,0.16666666666666666,0.16666666666666666
34,Baby-Dutch-Baby-Pancakes-1549468,0.16666666666666666,0.5,0.0,0.16666666666666666,0.16666666666666666,0.16666666666666666
35,Bacon-Banana-Pancakes-with-Buttery-Bourbon-Maple-Syrup-1701366,0.8333333333333334,0.3333333333333333,0.0,0.8333333333333334,0.16666666666666666,0.6666666666666666
36,Bacon-Stuffed-French-Toast-Waffles-1679873,,,,,,
37,Bacon-_-Kale-Baked-Eggs-1710699,0.8333333333333334,0.8333333333333334,0.0,0.8333333333333334,0.8333333333333334,0.16666666666666666
38,Bacon-_-Sweet-Potato-Hash-1686840,0.16666666666666666,0.5,0.16666666666666666,0.5,0.8333333333333334,0.3333333333333333
39,Bacon_-Egg_-And-Cheese-Breakfast-Casserole-1490559,0.8333333333333334,0.6666666666666666,0.16666666666666666,0.8333333333333334,0.16666666666666666,0.16666666666666666
40,Bacon_-Potato_-and-Egg-Casserole-1623146,0.8333333333333334,0.8333333333333334,0.16666666666666666,0.8333333333333334,0.6666666666666666,0.16666666666666666
41,Baked-Blueberry-Buttermilk-Pancakes-1685897,0.6666666666666666,0.16666666666666666,0.0,0.8333333333333334,0.16666666666666666,0.3333333333333333
42,Baked-Eggs-in-Ricotta-Parmesan-Creamed-Spinach-1710092,0.16666666666666666,0.8333333333333334,0.16666666666666666,0.3333333333333333,0.16666666666666666,0.16666666666666666
43,Baked-Eggs-in-Whole-Roasted-Tomatoes-1007867,,,,,,
44,Baked-French-Toast-1522183,0.3333333333333333,0.16666666666666666,0.0,0.6666666666666666,0.0,0.6666666666666666
45,Baked-Vegetable-Egg-Omelets-1711924,,,,,,
46,Baked-Western-Omelet-1203701,0.6666666666666666,0.5,0.3333333333333333,0.8333333333333334,0.8333333333333334,0.16666666666666666
47,Banana-Breakfast-Sushi-_paleo_-GF_-1614174,,,,,,
48,Banana-Chocolate-Chip-Baked-Oatmeal-1309608,0.6666666666666666,0.3333333333333333,0.0,0.16666666666666666,0.16666666666666666,0.6666666666666666
49,Banana-Pancakes-1629361,0.16666666666666666,0.16666666666666666,0.0,0.16666666666666666,0.3333333333333333,0.5
50,Bananas-Foster-Waffles-1698556,0.5,0.16666666666666666,0.0,0.3333333333333333,0.16666666666666666,0.6666666666666666
51,Banoffee-Waffles-1698444,0.16666666666666666,0.3333333333333333,0.0,0.5,0.16666666666666666,0.6666666666666666
52,Basic-Buttermilk-Pancakes-1053871,0.6666666666666666,0.16666666666666666,0.0,0.8333333333333334,0.16666666666666666,0.16666666666666666
53,Basic-Crepe-1040345,0.16666666666666666,0.16666666666666666,0.0,0.3333333333333333,0.16666666666666666,0.16666666666666666
54,Basic-Crepes-1686240,0.3333333333333333,0.16666666666666666,0.0,0.5,0.16666666666666666,0.16666666666666666
55,Basic-Omelette-1429341,0.8333333333333334,0.3333333333333333,0.0,0.8333333333333334,0.16666666666666666,0.16666666666666666
56,Basic-Tofu-Scramble-1689532,0.16666666666666666,0.16666666666666666,0.16666666666666666,0.16666666666666666,0.8333333333333334,0.16666666666666666
57,Basic-Western-Omelet-513987,0.16666666666666666,0.5,0.16666666666666666,0.6666666666666666,0.6666666666666666,0.16666666666666666
58,Berry-No-Cook-Overnight-Oatmeal-1098051,0.16666666666666666,0.16666666666666666,0.0,0.16666666666666666,0.3333333333333333,0.16666666666666666
59,Best-Breakfast-Pancakes-990185,0.8333333333333334,0.3333333333333333,0.0,0.8333333333333334,0.16666666666666666,0.5
60,Best-Eggs-Benedict-480594,0.8333333333333334,0.6666666666666666,0.0,0.8333333333333334,0.16666666666666666,0.16666666666666666
61,Best-Ever-Breakfast-Potatoes-1537506,0.6666666666666666,0.3333333333333333,0.0,0.6666666666666666,0.3333333333333333,0.3333333333333333
62,Best-Ever-Homemade-Waffles-1632212,,,,,,
63,Biggest-Loser-Oatmeal-Pancakes-1612507,0.16666666666666666,0.16666666666666666,0.0,0.3333333333333333,0.0,0.3333333333333333
64,Birthday-Pancakes-with-Cream-Cheese-Glaze-1536855,0.5,0.16666666666666666,0.0,0.6666666666666666,0.16666666666666666,0.8333333333333334
65,Biscuits-_-Gravy-Breakfast-Casserole-1700005,,,,,,
66,Bistro-Breakfast-1522799,0.8333333333333334,0.8333333333333334,0.16666666666666666,0.6666666666666666,0.16666666666666666,0.16666666666666666
67,Blackberry-Lavendar-Jam-1698383,,,,,,
68,Blueberry-Breakfast-Bake-1699614,0.6666666666666666,0.3333333333333333,0.0,0.5,0.16666666666666666,0.5
69,Blueberry-Breakfast-Bowl-1216170,,,,,,
70,Blueberry-Buttermilk-Pancakes-1686565,0.5,0.16666666666666666,0.0,0.8333333333333334,0.16666666666666666,0.6666666666666666
71,Blueberry-Cheesecake-French-Toast-1634847,0.16666666666666666,0.16666666666666666,0.0,0.5,0.16666666666666666,0.5
72,Blueberry-Chia-Seed-Jam-1022470,0.16666666666666666,0.16666666666666666,0.0,0.0,0.8333333333333334,0.5
73,Blueberry-Dutch-Baby-Pancake-1595675,0.16666666666666666,0.16666666666666666,0.0,0.16666666666666666,0.16666666666666666,0.5
74,Blueberry-French-Toast-1641556,,,,,,
75,Blueberry-French-Toast-Casserole-1706713,0.16666666666666666,0.16666666666666666,0.0,0.16666666666666666,0.16666666666666666,0.6666666666666666
76,Blueberry-Gluten-Free-Pancakes-with-Quinoa-and-Lemon-1685590,0.5,0.16666666666666666,0.0,0.5,0.6666666666666666,0.5
77,Blueberry-Jam-1643229,,,,,,
78,Blueberry-Jam-Overnight-Oats-1694209,0.16666666666666666,0.16666666666666666,0.0,0.16666666666666666,0.6666666666666666,0.6666666666666666
79,Blueberry-Muffin-Overnight-Oats-1294948,,,,,,
80,Blueberry-Oatmeal-Breakfast-Bars-1701314,0.6666666666666666,0.5,0.0,0.3333333333333333,0.5,0.5
81,Blueberry-Pancakes-611509,0.8333333333333334,0.16666666666666666,0.0,0.8333333333333334,0.16666666666666666,0.3333333333333333
82,Blueberry-Zoat-Breakfast-Bars-1689993,0.16666666666666666,0.16666666666666666,0.0,0.16666666666666666,0.3333333333333333,0.6666666666666666
83,Blueberry-oatmeal-waffles-334870,0.6666666666666666,0.16666666666666666,0.0,0.6666666666666666,0.3333333333333333,0.5
84,Breakfast-Burrito-Bowls-1693941,,,,,,
85,Breakfast-Casserole-1549257,,,,,,
86,Breakfast-Casserole-1596514,0.8333333333333334,0.6666666666666666,0.0,0.8333333333333334,0.16666666666666666,0.16666666666666666
87,Breakfast-Fruit-Salad-1077251,0.16666666666666666,0.16666666666666666,0.0,0.0,0.8333333333333334,0.8333333333333334
88,Breakfast-Quesadillas-1699423,0.8333333333333334,0.8333333333333334,0.16666666666666666,0.8333333333333334,0.16666666666666666,0.16666666666666666
89,Breakfast-Skillet-Hash-1103792,0.8333333333333334,0.5,0.0,0.6666666666666666,0.6666666666666666,0.16666666666666666
90,Breakfast-Skillet-with-Diced-Red-Potatoes-1513835,0.8333333333333334,0.8333333333333334,0.16666666666666666,0.8333333333333334,0.6666666666666666,0.16666666666666666
91,Breakfast-Sticks-1096708,0.5,0.8333333333333334,0.0,0.6666666666666666,0.16666666666666666,0.16666666666666666
92,Breakfast-polenta-308885,0.16666666666666666,0.16666666666666666,0.0,0.16666666666666666,0.16666666666666666,0.5
93,Brioche-French-Toast-1065036,,,,,,
94,Broccoli-cheddar-and-sausage-egg-muffin-pull-a-parts-334980,,,,,,
95,Broccoli_-ham_-and-mozzarella-baked-with-eggs-310089,,,,,,
96,Broken-arm-breakfast-casserole-with-cottage-cheese_-bacon_-feta_-and-green-onions-310079,,,,,,
97,Brown-sugar-glazed-bacon-308530,0.8333333333333334,0.8333333333333334,0.8333333333333334,0.8333333333333334,0.16666666666666666,0.6666666666666666
98,Buckwheat-Porridge-With-Bananas-1635241,,,,,,
99,Cacao-Chia-Breakfast-Pudding-w_-Red-Berry-Mash-_-v-1703297,,,,,,
100,Camper_s-Breakfast-Hash-1597103,0.8333333333333334,0.8333333333333334,0.0,0.8333333333333334,0.5,0.16666666666666666
101,Cantaloupe-Breakfast-Bowls-1624395,,,,,,
102,Caprese-baked-egg-cups-333349,,,,,,
103,Caramel-Apple-French-Toast-Casserole-1638541,0.5,0.3333333333333333,0.0,0.8333333333333334,0.16666666666666666,0.5
104,Caramelized-Peach-Quinoa-Breakfast-Bowl-1684482,,,,,,
105,Cardamom-Almond-Coconut-Granola-Cereal-1068227,,,,,,
106,Carrot-Cake-Pancakes-1686663,0.8333333333333334,0.16666666666666666,0.0,0.6666666666666666,0.16666666666666666,0.5
107,Cauliflower-Pancakes-1636636,0.8333333333333334,0.16666666666666666,0.0,0.8333333333333334,0.8333333333333334,0.16666666666666666
108,Cheese-Grits-1613920,0.3333333333333333,0.16666666666666666,0.0,0.6666666666666666,0.16666666666666666,0.16666666666666666
109,Cheesecake-Stuffed-French-Toast-Sliders-1691299,,,,,,
110,Cheesy-Baked-Egg-in-Toast-1242287,0.8333333333333334,0.8333333333333334,0.0,0.8333333333333334,0.6666666666666666,0.16666666666666666
111,Cheesy-Chive-Scrambled-Eggs-1601874,0.8333333333333334,0.5,0.0,0.8333333333333334,0.16666666666666666,0.16666666666666666
112,Cheesy-Scrambled-Eggs-471196,0.8333333333333334,0.3333333333333333,0.0,0.8333333333333334,0.16666666666666666,0.16666666666666666
113,Cheesy-Spinach-Omelet-466660,0.8333333333333334,0.8333333333333334,0.0,0.8333333333333334,0.6666666666666666,0.16666666666666666
114,Chia-Oatmeal-with-Blueberries-1601343,,,,,,
115,Chia-Seed-Banana-Breakfast-Pudding-682779,0.6666666666666666,0.5,0.0,0.5,0.16666666666666666,0.3333333333333333
116,Chia-Seed-Pancakes-1709190,,,,,,
117,Chicken-and-Waffles-1684538,0.3333333333333333,0.3333333333333333,0.3333333333333333,0.3333333333333333,0.16666666666666666,0.3333333333333333
118,Chickpea-Cinnamon-Toast-Crunch-Cereal-1319169,,,,,,
119,Chocolate-Banana-Waffles-1711149,0.8333333333333334,0.16666666666666666,0.0,0.8333333333333334,0.16666666666666666,0.6666666666666666
120,Chocolate-Chip-Pancakes-1051927,0.6666666666666666,0.3333333333333333,0.0,0.5,0.16666666666666666,0.5
121,Chocolate-Chip-Pancakes-1056165,0.8333333333333334,0.16666666666666666,0.0,0.8333333333333334,0.16666666666666666,0.6666666666666666
122,Chocolate-Chip-Pancakes-511341,0.6666666666666666,0.3333333333333333,0.0,0.6666666666666666,0.0,0.5
123,Chocolate-Hazelnut-Paleo-Pancakes-1699100,0.8333333333333334,0.8333333333333334,0.0,0.8333333333333334,0.16666666666666666,0.6666666666666666
124,Chocolate-Oatmeal-1006760,0.16666666666666666,0.16666666666666666,0.0,0.16666666666666666,0.16666666666666666,0.6666666666666666
125,Chocolate-Pomegranate-Overnight-Oats-1696762,,,,,,
126,Chunky-Monkey-Overnight-Oats-1694801,,,,,,
127,Cinnamon-Banana-Pancakes-1287984,0.8333333333333334,0.16666666666666666,0.0,0.6666666666666666,0.16666666666666666,0.5
128,Cinnamon-French-Toast-1628897,0.16666666666666666,0.16666666666666666,0.0,0.3333333333333333,0.5,0.6666666666666666
129,Cinnamon-French-Toast-Fingers-with-Greek-Yogurt-and-Blueberry-Sauce-1626342,0.16666666666666666,0.16666666666666666,0.0,0.5,0.16666666666666666,0.6666666666666666
130,Cinnamon-Maple-Mixed-Nut-Butter-1634082,,,,,,
131,Cinnamon-Orange-Vanilla-Grilled-French-Toast-1686635,0.16666666666666666,0.16666666666666666,0.0,0.16666666666666666,0.3333333333333333,0.3333333333333333
132,Cinnamon-Quinoa-Breakfast-Bowl-1647351,,,,,,
133,Cinnamon-Roll-Waffles-1637483,,,,,,
134,Cinnamon-Streusel-Pancakes-1682365,0.5,0.3333333333333333,0.0,0.8333333333333334,0.16666666666666666,0.5
135,Cinnamon-apple-spiced-oatmeal-352259,0.16666666666666666,0.16666666666666666,0.0,0.16666666666666666,0.16666666666666666,0.8333333333333334
136,Cinnamon-toast-french-toast-305359,0.16666666666666666,0.16666666666666666,0.0,0.5,0.0,0.5
137,Classic-Buttermilk-Waffles-1688907,,,,,,
138,Coconut-Flour-Breakfast-Bake-1191325,0.5,0.3333333333333333,0.0,0.3333333333333333,0.3333333333333333,0.5
139,Coconut-Flour-Pancakes-1638026,0.3333333333333333,0.6666666666666666,0.0,0.5,0.16666666666666666,0.6666666666666666
140,Coconut-Flour-Protein-Waffles-1690732,0.8333333333333334,0.8333333333333334,0.0,0.8333333333333334,0.16666666666666666,0.16666666666666666
141,Coconut-Mango-Oat-Porridge-1662199,,,,,,
142,Coconut-milk-breakfast-quinoa-333578,0.5,0.5,0.0,0.16666666666666666,0.16666666666666666,0.3333333333333333
143,Copycat-McDonalds-Pancakes-1015438,0.8333333333333334,0.16666666666666666,0.0,0.8333333333333334,0.16666666666666666,0.5
144,Coquito-French-Toast-441403,0.16666666666666666,0.16666666666666666,0.0,0.0,0.0,0.3333333333333333
145,Cottage-Cheese-Pancakes-1639931,,,,,,
146,Cottage-Cheese-Scrambled-Eggs-recipe-137-calories-781513,0.8333333333333334,0.8333333333333334,0.0,0.8333333333333334,0.16666666666666666,0.16666666666666666
147,Cottage-cheese-and-fruit-casserole-without-flour_-_Diet-foods_-1689418,,,,,,
148,Country-Breakfast-1533018,0.3333333333333333,0.16666666666666666,0.16666666666666666,0.16666666666666666,0.6666666666666666,0.16666666666666666
149,Country-Breakfast-Skillet-1525944,0.5,0.16666666666666666,0.16666666666666666,0.3333333333333333,0.8333333333333334,0.16666666666666666
150,Courgette-Waffles-1567406,0.6666666666666666,0.16666666666666666,0.0,0.5,0.6666666666666666,0.16666666666666666
151,Crazy-Easy-Banana-Pancakes-1004455,0.3333333333333333,0.5,0.0,0.16666666666666666,0.3333333333333333,0.5
152,Cream-Cheese-Stuffed-French-Toast-With-Blueberry-Sauce-1708325,0.16666666666666666,0.16666666666666666,0.0,0.16666666666666666,0.16666666666666666,0.3333333333333333
153,Cream-Cheese-_-Jam-Muffins-1706430,0.3333333333333333,0.6666666666666666,0.0,0.5,0.16666666666666666,0.8333333333333334
154,Creamy-Cinnamon-Oats-1585984,,,,,,
155,Creamy-Instant-Oatmeal-Topped-with-Bananas-and-Pecans-1599515,,,,,,
156,Creamy-Mango-_-Banana-Overnight-Oats-834446,,,,,,
157,Crispy-Cornmeal-Pancakes-With-Blueberry-Sauce-_Vegan_-Gluten-Free_-1698904,0.8333333333333334,0.16666666666666666,0.0,0.5,0.3333333333333333,0.6666666666666666
158,Crispy-Fried-Eggs-1708417,,,,,,
159,Crispy-Skillet-Breakfast-Potatoes-1624842,,,,,,
160,Crock-Pot-Bacon-and-Sausage-Breakfast-Casserole-1710585,,,,,,
161,Curried-Eggs-with-Spinach-1678626,0.16666666666666666,0.16666666666666666,0.0,0.16666666666666666,0.8333333333333334,0.16666666666666666
162,DASH-Applesauce-French-Toast-1013225,0.16666666666666666,0.16666666666666666,0.0,0.3333333333333333,0.16666666666666666,0.5
163,Dads-Favorite-Blueberry-Pancakes-1699268,0.8333333333333334,0.16666666666666666,0.0,0.8333333333333334,0.16666666666666666,0.5
164,Dairy-And-Egg-free-Banana-Pancakes-1544591,0.16666666666666666,0.16666666666666666,0.0,0.16666666666666666,0.3333333333333333,0.5
165,Dark-Chocolate-Cranberry-Baked-Oatmeal-1563333,,,,,,
166,Deconstructed-Bacon-Egg-Breakfast-Sandwich-1706649,,,,,,
167,Delicious-_-Easy-Chilled-Breakfast-Idea-1200426,0.16666666666666666,0.16666666666666666,0.0,0.16666666666666666,0.8333333333333334,0.5
168,Donut-French-Toast-1635063,0.6666666666666666,0.5,0.0,0.5,0.16666666666666666,0.8333333333333334
169,Double-Almond-Coconut-Granola-1683956,0.8333333333333334,0.8333333333333334,0.0,0.6666666666666666,0.16666666666666666,0.8333333333333334
170,Double-Chocolate-Cashew-Overnight-Oats-1239066,,,,,,
171,Double-Chocolate-Zucchini-Pancakes-1695944,0.8333333333333334,0.16666666666666666,0.0,0.5,0.16666666666666666,0.6666666666666666
172,Double-Sweet-Cherry-Vanilla-Jam-1697901,,,,,,
173,EXTRA-FLUFFY-BLUEBERRY-ALMOND-PANCAKES-970663,0.16666666666666666,0.16666666666666666,0.0,0.16666666666666666,0.3333333333333333,0.5
174,Easiest-Banana-Pancakes-896059,0.8333333333333334,0.6666666666666666,0.0,0.16666666666666666,0.3333333333333333,0.5
175,Easy-Baked-Pancake-Muffins-1583483,,,,,,
176,Easy-Blueberry-Jam-1682598,0.0,0.16666666666666666,0.0,0.16666666666666666,0.8333333333333334,0.6666666666666666
177,Easy-Blueberry-Pancakes-511199,0.3333333333333333,0.16666666666666666,0.0,0.3333333333333333,0.16666666666666666,0.3333333333333333
178,Easy-Breakfast-Burrito-982363,,,,,,
179,Easy-Breakfast-Burrito-_Cups_-with-gluten-free-option-1623476,0.8333333333333334,0.8333333333333334,0.0,0.8333333333333334,0.16666666666666666,0.16666666666666666
180,Easy-Breakfast-Saute-1616304,,,,,,
181,Easy-Breakfast-Waffles-1708864,0.3333333333333333,0.16666666666666666,0.0,0.16666666666666666,0.6666666666666666,0.3333333333333333
182,Easy-Frugal-Recipe-_-Strawberry-Freezer-Jam-with-Honey-1687172,,,,,,
183,Easy-Granola-1021130,0.8333333333333334,0.8333333333333334,0.0,0.0,0.16666666666666666,0.6666666666666666
184,Easy-Homemade-Pancakes-1574840,0.8333333333333334,0.16666666666666666,0.0,0.8333333333333334,0.16666666666666666,0.5
185,Easy-Make-Ahead-Breakfast-Casserole-1697804,,,,,,
186,Easy-Overnight-Maple-_-Brown-Sugar-Oatmeal-1705064,0.6666666666666666,0.16666666666666666,0.0,0.5,0.16666666666666666,0.6666666666666666
187,Easy-Vegan-Breakfast-Tacos-1693234,0.3333333333333333,0.16666666666666666,0.5,0.3333333333333333,0.5,0.16666666666666666
188,Easy-Vegan-Waffles-1708492,0.8333333333333334,0.16666666666666666,0.0,0.6666666666666666,0.16666666666666666,0.5
189,Easy_-Breezy-Homemade-Pancakes-1642241,0.8333333333333334,0.16666666666666666,0.0,0.8333333333333334,0.0,0.3333333333333333
190,Egg-Fast-Recipe---Cinnamon-French-Toast-Puff-1698588,0.16666666666666666,0.8333333333333334,0.0,0.5,0.0,0.3333333333333333
191,Egg-McMuffin-Casserole-1631085,0.8333333333333334,0.5,0.0,0.8333333333333334,0.16666666666666666,0.16666666666666666
192,Egg-Muffins-1113649,,,,,,
193,Egg-_-Nopalitos-Scramble--1683337,,,,,,
194,Egg-and-Potato-Casserole-1704459,0.6666666666666666,0.6666666666666666,0.0,0.6666666666666666,0.6666666666666666,0.5
195,Egg-and-potato-breakfast-scramble-344679,,,,,,
196,Eggless-French-Toast-1097339,,,,,,
197,Eggless-Pancakes-1556088,0.8333333333333334,0.16666666666666666,0.0,0.6666666666666666,0.16666666666666666,0.3333333333333333
198,Eggnog-French-Toast-1637495,,,,,,
199,Eggnog-french-toast-352366,,,,,,
200,Eggs-In-Clouds-1557666,0.8333333333333334,0.8333333333333334,0.0,0.8333333333333334,0.16666666666666666,0.16666666666666666
201,Eggs-in-Purgatory-with-Garlic-Bread-1681280,0.8333333333333334,0.6666666666666666,0.0,0.8333333333333334,0.5,0.3333333333333333
202,Eggy-in-a-Basket-1011527,0.8333333333333334,0.8333333333333334,0.0,0.8333333333333334,0.16666666666666666,0.5
203,Everyday-3-Minute-Oatmeal-1537906,,,,,,
204,FIT-FRIDAY--OATMEAL-BLUEBERRY-PANCAKES-1044564,0.16666666666666666,0.16666666666666666,0.0,0.16666666666666666,0.3333333333333333,0.5
205,Father_s-Day-Breakfast-680826,0.16666666666666666,0.5,0.0,0.3333333333333333,0.16666666666666666,0.16666666666666666
206,Fiber-Starter-Breakfast-Bowl-1551342,,,,,,
207,Five-Ingredient-Blender-Pancakes-1380961,0.5,0.5,0.0,0.5,0.16666666666666666,0.3333333333333333
208,Fluffernutter-and-Jelly-Stuffed-French-Toast-1706743,0.16666666666666666,0.16666666666666666,0.0,0.16666666666666666,0.16666666666666666,0.6666666666666666
209,Fluffy-American-pancakes-569747,0.8333333333333334,0.3333333333333333,0.0,0.8333333333333334,0.16666666666666666,0.5
210,Fluffy-Pancakes-1272469,0.5,0.16666666666666666,0.0,0.3333333333333333,0.16666666666666666,0.3333333333333333
211,Fluffy-Pancakes-1588299,0.3333333333333333,0.16666666666666666,0.0,0.8333333333333334,0.16666666666666666,0.3333333333333333
212,Four-Ingredient-Protein-Pancakes-988118,,,,,,
213,French-Breakfast-Puffs-1526074,0.16666666666666666,0.6666666666666666,0.0,0.5,0.16666666666666666,0.8333333333333334
214,French-Toast-1200744,0.3333333333333333,0.16666666666666666,0.0,0.6666666666666666,0.0,0.5
215,French-Toast-1511300,,,,,,
216,French-Toast-1601367,0.6666666666666666,0.3333333333333333,0.0,0.8333333333333334,0.16666666666666666,0.5
217,French-Toast-Bites-484866,,,,,,
218,French-Toast-Casserole-with-Blueberry-Cream-Cheese-Frosting-1698369,,,,,,
219,French-Toast-Roll-Ups-With-Cream-Cheese-and-Strawberries-1068173,0.5,0.16666666666666666,0.0,0.8333333333333334,0.16666666666666666,0.6666666666666666
220,French-Toast-Roll-Ups-or-French-Toast-Pinwheels-1638580,,,,,,
221,French-Toast-Simply-Recipes-42631,,,,,,
222,French-Toast-with-Strawberries-1270296,0.16666666666666666,0.16666666666666666,0.0,0.16666666666666666,0.8333333333333334,0.3333333333333333
223,Frittata-Lyonnaise-1705620,0.6666666666666666,0.8333333333333334,0.0,0.8333333333333334,0.16666666666666666,0.16666666666666666
224,German-Pancake-Gluten-Free-1631689,0.16666666666666666,0.16666666666666666,0.0,0.16666666666666666,0.6666666666666666,0.3333333333333333
225,German-Pancakes-1273823,0.3333333333333333,0.3333333333333333,0.0,0.6666666666666666,0.16666666666666666,0.16666666666666666
226,Gluten-Free-Blender-Pancakes-1613251,0.8333333333333334,0.16666666666666666,0.0,0.8333333333333334,0.16666666666666666,0.5
227,Gluten-Free-Coconut-Flour-Waffles-1680213,0.5,0.8333333333333334,0.0,0.6666666666666666,0.16666666666666666,0.6666666666666666
228,Gluten-Free-Dutch-Baby-with-Blueberry-Maple-Syrup-1702716,0.16666666666666666,0.3333333333333333,0.0,0.16666666666666666,0.16666666666666666,0.6666666666666666
229,Gluten-Free-Pancakes-541642,0.3333333333333333,0.16666666666666666,0.0,0.16666666666666666,0.0,0.16666666666666666
230,Gluten-Free-Veggie-Breakfast-Bakes-1528332,0.3333333333333333,0.16666666666666666,0.0,0.16666666666666666,0.8333333333333334,0.16666666666666666
231,Gluten-Free-Waffles-1629571,,,,,,
232,Good-For-You-Overnight-Oats-1621700,,,,,,
233,Gooey-Baked-Cacao-Oatmeal-623228,,,,,,
234,Grain-Free-Buttermilk-Pancakes-1680220,0.3333333333333333,0.5,0.0,0.6666666666666666,0.16666666666666666,0.8333333333333334
235,Greek-Omelet-with-Feta-1617849,,,,,,
236,Greek-yogurt-with-berries_-nuts-and-honey-352045,0.16666666666666666,0.16666666666666666,0.0,0.16666666666666666,0.5,0.8333333333333334
237,Green-Eggs-for-Breakfast-502301,0.8333333333333334,0.3333333333333333,0.0,0.8333333333333334,0.6666666666666666,0.16666666666666666
238,Green-Veggie-Frittata-1697495,0.3333333333333333,0.16666666666666666,0.5,0.6666666666666666,0.8333333333333334,0.16666666666666666
239,Greens-for-Breakfast-990688,,,,,,
240,Grilled-French-Toast-1692821,,,,,,
241,Ham-and-Cheese-Potato-Pancakes-1568472,0.5,0.16666666666666666,0.0,0.5,0.8333333333333334,0.16666666666666666
242,Ham-and-Cheese-Waffles-1706765,,,,,,
243,Ham-and-Egg-Cupcakes-for-Breakfast-979905,0.8333333333333334,0.8333333333333334,0.0,0.8333333333333334,0.16666666666666666,0.16666666666666666
244,Ham_-Egg-and-Cheese-Breakfast-Cupcakes-1222942,0.8333333333333334,0.6666666666666666,0.0,0.8333333333333334,0.16666666666666666,0.16666666666666666
245,Hash-Brown-Breakfast-Cups-1048703,0.5,0.16666666666666666,0.0,0.3333333333333333,0.8333333333333334,0.16666666666666666
246,Healthy-Chocolate-Pancakes-1476322,0.8333333333333334,0.16666666666666666,0.0,0.5,0.6666666666666666,0.6666666666666666
247,Healthy-Fruit-and-Cream-Oatmeal-1707805,,,,,,
248,Healthy-Matcha-Green-Tea-Oatmeal-1689110,,,,,,
249,Healthy-Peaches-and-Cream-Pancakes-1708451,0.16666666666666666,0.16666666666666666,0.0,0.3333333333333333,0.16666666666666666,0.3333333333333333
250,Healthy-Protein-Banana-Pancakes-1543487,0.5,0.5,0.0,0.16666666666666666,0.5,0.5
251,Healthy-Protein-Pancake-1711215,0.8333333333333334,0.8333333333333334,0.0,0.5,0.6666666666666666,0.3333333333333333
252,Hearty-Eggs-with-Harissa-Spiced-Chickpeas-and-Mixed-greens-and-A-Ramadan-Gift-Giveaway-1696885,0.6666666666666666,0.5,0.0,0.3333333333333333,0.5,0.5
253,Hemp-Seed-Porridge-1684396,,,,,,
254,Hoecakes-aka-Cornmeal-Pancakes-1633170,0.6666666666666666,0.5,0.0,0.8333333333333334,0.16666666666666666,0.16666666666666666
255,Homemade-Breakfast-Sausage-1568374,0.16666666666666666,0.8333333333333334,0.6666666666666666,0.8333333333333334,0.16666666666666666,0.0
256,Homemade-Breakfast-Sausage-1696498,0.3333333333333333,0.8333333333333334,0.5,0.8333333333333334,0.16666666666666666,0.16666666666666666
257,Homemade-Greek-Yogurt-1700025,0.16666666666666666,0.16666666666666666,0.0,0.16666666666666666,0.16666666666666666,0.3333333333333333
258,Homemade-Hash-Browns-with-Spinach-and-Carrot-1120175,0.16666666666666666,0.16666666666666666,0.16666666666666666,0.16666666666666666,0.8333333333333334,0.16666666666666666
259,Homemade-Orange-Jam-1308443,,,,,,
260,Homemade-Pancake-Mix-1662430,0.8333333333333334,0.5,0.0,0.8333333333333334,0.16666666666666666,0.5
261,Homemade-Seasoning-for-Breakfast-Sausage-981462,0.8333333333333334,0.16666666666666666,0.6666666666666666,0.8333333333333334,0.8333333333333334,0.16666666666666666
262,Homemade-Strawberry-Chia-Seed-Jam-758879,0.16666666666666666,0.16666666666666666,0.0,0.0,0.8333333333333334,0.5
263,Homemade-Waffles-1626158,0.8333333333333334,0.3333333333333333,0.0,0.8333333333333334,0.16666666666666666,0.3333333333333333
264,Homemade-Whole-Wheat-Buttermilk-Waffles-_No-Sugar-Added_-1106966,0.6666666666666666,0.16666666666666666,0.0,0.8333333333333334,0.16666666666666666,0.16666666666666666
265,Homemade-Whole-Wheat-Pancake-Mix-1559410,,,,,,
266,Honey-Lemon-Coconut-Paleo-Pancakes-1580984,0.3333333333333333,0.8333333333333334,0.0,0.16666666666666666,0.16666666666666666,0.3333333333333333
267,Honey-Sweetened-Strawberry-Vanilla-Jam-1688947,,,,,,
268,Hot-Pumpkin-Quinoa-Breakfast-1680510,0.16666666666666666,0.16666666666666666,0.0,0.16666666666666666,0.16666666666666666,0.3333333333333333
269,How-to-Scramble-Eggs-1569802,,,,,,
270,Huevos-Rancheros-1284356,0.6666666666666666,0.5,0.6666666666666666,0.8333333333333334,0.16666666666666666,0.16666666666666666
271,IHOP-Pancakes-631582,0.5,0.16666666666666666,0.0,0.8333333333333334,0.16666666666666666,0.5
272,IHOP-pancake-629692,0.6666666666666666,0.16666666666666666,0.0,0.8333333333333334,0.16666666666666666,0.5
273,Individual-Egg-_-Spinach-Bowls-1201751,0.6666666666666666,0.16666666666666666,0.0,0.8333333333333334,0.3333333333333333,0.16666666666666666
274,Italian-Breakfast-Casserole-1679318,0.8333333333333334,0.8333333333333334,0.3333333333333333,0.8333333333333334,0.8333333333333334,0.16666666666666666
275,Italian-Breakfast-Toast-1632330,,,,,,
276,JENNY_S-BETTER-THAN-BOXED-LOW-CARB-PANCAKES-1663506,,,,,,
277,Jamie-Eason_s-Pumped-Up-Protein-Pancakes-1690262,0.3333333333333333,0.16666666666666666,0.0,0.3333333333333333,0.8333333333333334,0.5
278,Jeannie_s-Banana-Kahlua-French-Toast-Syrup-1681598,,,,,,
279,Jillian-Michaels-Spinach-Frittata-with-Potatoes_-Peppers_-and-Feta-1704195,,,,,,
280,Kahlua-and-Cream-French-Toast-1597605,,,,,,
281,Kale-_-Feta-Skillet-Frittata-in-15-Minutes-1635049,0.8333333333333334,0.6666666666666666,0.0,0.8333333333333334,0.6666666666666666,0.16666666666666666
282,Keto-Pancakes-Recipe-_with-cream-cheese__-1038440,0.16666666666666666,0.8333333333333334,0.0,0.5,0.16666666666666666,0.16666666666666666
283,Key-Lime-Homemade-Waffles-1621204,0.3333333333333333,0.6666666666666666,0.0,0.16666666666666666,0.8333333333333334,0.6666666666666666
284,Korean-Style-Potato-_-Scallion-Pancakes-1708712,,,,,,
285,Lazy-Day-Pancakes-1680536,0.3333333333333333,0.16666666666666666,0.0,0.16666666666666666,0.3333333333333333,0.5
286,Lean-Eggs-and-Ham-1641128,,,,,,
287,Lemon-Pancakes-1688922,0.6666666666666666,0.5,0.0,0.8333333333333334,0.16666666666666666,0.6666666666666666
288,Lemon-Poppy-Seed-Pancakes-1583289,0.8333333333333334,0.16666666666666666,0.0,0.8333333333333334,0.3333333333333333,0.5
289,Lemon-Ricotta-Pancakes-1623843,0.8333333333333334,0.3333333333333333,0.0,0.8333333333333334,0.16666666666666666,0.3333333333333333
290,Lemon-Vanilla-Waffle-French-Toast-1567575,,,,,,
291,Light-_-Fluffy-Banana-Pancakes-1283741,0.8333333333333334,0.16666666666666666,0.0,0.6666666666666666,0.16666666666666666,0.5
292,Loaded-Puff-Pastry-Breakfast-Cups-1708345,0.8333333333333334,0.8333333333333334,0.0,0.8333333333333334,0.16666666666666666,0.16666666666666666
293,Low-Carb-Breakfast-Lasagna-482953,0.8333333333333334,0.8333333333333334,0.0,0.8333333333333334,0.0,0.16666666666666666
294,Low-Carb-Pancakes-and-Waffles-1558432,0.8333333333333334,0.5,0.0,0.8333333333333334,0.0,0.6666666666666666
295,Low-Fat-Vanilla-Yogurt-Pancakes-1043803,0.8333333333333334,0.16666666666666666,0.0,0.8333333333333334,0.16666666666666666,0.5
296,Low-Sodium-Zucchini-Frittata-1702285,0.16666666666666666,0.16666666666666666,0.0,0.16666666666666666,0.5,0.16666666666666666
297,MEDITERRANEAN-OMELETTE-1637108,0.8333333333333334,0.16666666666666666,0.0,0.8333333333333334,0.5,0.16666666666666666
298,Make-Ahead-Breakfast-Burritos-471469,0.6666666666666666,0.6666666666666666,0.0,0.8333333333333334,0.0,0.16666666666666666
299,Make-Ahead-Breakfast-Cups-1060535,0.8333333333333334,0.6666666666666666,0.0,0.8333333333333334,0.16666666666666666,0.16666666666666666
300,Make-Ahead-Egg-Bake-1655783,0.5,0.5,0.0,0.6666666666666666,0.16666666666666666,0.16666666666666666
301,Make-Ahead-Fruit-_-Yogurt-Breakfast-Parfaits-475395,0.16666666666666666,0.16666666666666666,0.0,0.16666666666666666,0.16666666666666666,0.5
302,Make-Over-Breakfast-Sausage-and-Mushroom-Strata-1707983,0.8333333333333334,0.8333333333333334,0.16666666666666666,0.8333333333333334,0.16666666666666666,0.16666666666666666
303,Mango-Coconut-Overnight-Oats-1633166,0.5,0.16666666666666666,0.0,0.16666666666666666,0.6666666666666666,0.5
304,Mango-Overnight-Oats-1622358,,,,,,
305,Mango-_-Young-Dried-Coconut-Granola-Breakfast-Parfaits-_Vegan_-1706590,0.16666666666666666,0.16666666666666666,0.0,0.16666666666666666,0.6666666666666666,0.5
306,Maple-Bacon-Overnight-Cinnamon-Rolls-1705311,0.16666666666666666,0.5,0.0,0.3333333333333333,0.16666666666666666,0.8333333333333334
307,Maple-Bacon-Sausage-Patties-1575305,0.8333333333333334,0.8333333333333334,0.0,0.8333333333333334,0.16666666666666666,0.3333333333333333
308,Maple-Vanilla-Overnight-Oats_-1567318,0.5,0.16666666666666666,0.0,0.16666666666666666,0.3333333333333333,0.6666666666666666
309,Mashed-Banana-Oatmeal-1540688,0.16666666666666666,0.16666666666666666,0.0,0.16666666666666666,0.16666666666666666,0.3333333333333333
310,Mashed-potato-pancakes-333910,0.6666666666666666,0.16666666666666666,0.0,0.6666666666666666,0.3333333333333333,0.16666666666666666
311,Matcha-Pancakes-1202059,0.8333333333333334,0.3333333333333333,0.0,0.8333333333333334,0.16666666666666666,0.5
312,Mexican-Egg-Casserole-1698555,,,,,,
313,Mini-Frittatas-1697267,,,,,,
314,Mini-Gingerbread-Oatmeal-Breakfast-Bites-1416028,0.16666666666666666,0.16666666666666666,0.0,0.16666666666666666,0.16666666666666666,0.8333333333333334
315,Mini-Keto-Pancake-Donuts-1217906,0.6666666666666666,0.8333333333333334,0.0,0.6666666666666666,0.0,0.16666666666666666
316,Mini-Yogurt-Pancakes-1633781,0.16666666666666666,0.16666666666666666,0.0,0.16666666666666666,0.16666666666666666,0.5
317,Mocha-Overnight-Oatmeal-1282683,0.16666666666666666,0.16666666666666666,0.0,0.16666666666666666,0.16666666666666666,0.5
318,N_Oatmeal-Breakfast-Bowl-1119574,0.5,0.16666666666666666,0.0,0.16666666666666666,0.5,0.6666666666666666
319,Oatmeal-1081536,,,,,,
320,Oatmeal-466649,0.16666666666666666,0.16666666666666666,0.0,0.5,0.0,0.0
321,Oatmeal-Pancakes-1078436,,,,,,
322,Oatmeal-Pancakes-554826,0.16666666666666666,0.16666666666666666,0.0,0.3333333333333333,0.0,0.3333333333333333
323,Oatmeal-Raisin-Overnight-Oats-1514861,0.8333333333333334,0.16666666666666666,0.0,0.16666666666666666,0.16666666666666666,0.5
324,Oatmeal-almond-pancakes-334089,,,,,,
325,Old-Fashion-French-Toast-1687789,0.3333333333333333,0.5,0.0,0.8333333333333334,0.0,0.6666666666666666
326,Omelet-in-Ziploc-Bag-1204780,0.16666666666666666,0.8333333333333334,0.0,0.16666666666666666,0.16666666666666666,0.16666666666666666
327,On-The-Go-Breakfast-Burrito-Cones-1681637,,,,,,
328,Our-Favorite-Overnight-Oats-568688,0.16666666666666666,0.16666666666666666,0.0,0.16666666666666666,0.16666666666666666,0.5
329,Oven-Baked-Bacon-1529932,0.8333333333333334,0.8333333333333334,0.0,0.8333333333333334,0.0,0.0
330,Overnight-Blackberry-Yeast-Waffles-with-Blackberry-Syrup-1707580,0.16666666666666666,0.3333333333333333,0.0,0.16666666666666666,0.5,0.6666666666666666
331,Overnight-Blueberry-French-Toast-Casserole-1094256,0.16666666666666666,0.16666666666666666,0.0,0.6666666666666666,0.16666666666666666,0.6666666666666666
332,Overnight-Cinnamon-Spiced-Steel-Cut-Oats-1557533,0.16666666666666666,0.16666666666666666,0.0,0.16666666666666666,0.16666666666666666,0.16666666666666666
333,Overnight-French-Toast-1047274,0.16666666666666666,0.16666666666666666,0.0,0.16666666666666666,0.16666666666666666,0.6666666666666666
334,Overnight-Oats-_Starbucks-Copycat_-1637769,,,,,,
335,Overnight-Sausage_-Egg-_-Hash-Brown-Breakfast-Casserole-1701196,,,,,,
336,PUMPKIN-SPICE-PANCAKES-1690394,0.8333333333333334,0.16666666666666666,0.0,0.8333333333333334,0.16666666666666666,0.16666666666666666
337,Palatschinken---Austrian-Pancakes-1026441,0.16666666666666666,0.16666666666666666,0.0,0.16666666666666666,0.16666666666666666,0.5
338,Paleo-Banana-Pancakes-600387,0.16666666666666666,0.16666666666666666,0.0,0.16666666666666666,0.5,0.5
339,Paleo-Chocolate-Breakfast-Bread-1521721,,,,,,
340,Paleo-Pancakes-1215112,,,,,,
341,Paleo-Pancakes-503735,0.16666666666666666,0.16666666666666666,0.0,0.16666666666666666,0.8333333333333334,0.5
342,Paleo-Pumpkin-Pancakes-1686514,0.8333333333333334,0.8333333333333334,0.0,0.8333333333333334,0.16666666666666666,0.16666666666666666
343,Paleo-Pumpkin-Pancakes-with-Maple-Cashew-Cream-1707817,,,,,,
344,Paleo-Sausage-Egg-McMuffin-477146,,,,,,
345,Paleo-Scotch-Eggs-1570854,0.5,0.8333333333333334,0.0,0.5,0.16666666666666666,0.16666666666666666
346,Pancake-1057627,0.8333333333333334,0.16666666666666666,0.0,0.8333333333333334,0.16666666666666666,0.5
347,Pancake-1286748,,,,,,
348,Pancakes-From-Scratch-1361947,0.8333333333333334,0.16666666666666666,0.0,0.8333333333333334,0.16666666666666666,0.16666666666666666
349,Peach-Pie-Pancakes-1689860,0.8333333333333334,0.16666666666666666,0.0,0.6666666666666666,0.16666666666666666,0.5
350,Peaches-and-Cream-Baked-French-Toast-1686573,0.16666666666666666,0.16666666666666666,0.0,0.3333333333333333,0.16666666666666666,0.6666666666666666
351,Peanut-Butter-Banana-Protein-Overnight-Oats-1583298,0.3333333333333333,0.16666666666666666,0.0,0.16666666666666666,0.16666666666666666,0.6666666666666666
352,Peanut-Butter-Cup-Overnight-Oats-1038240,0.3333333333333333,0.16666666666666666,0.0,0.16666666666666666,0.16666666666666666,0.5
353,Peanut-Butter-Pancake-Muffins-1684920,,,,,,
354,Peanut-Butter-Pancakes-1342291,,,,,,
355,Peanut-Butter-and-Chocolate-Steel-Cut-Oatmeal-1622751,,,,,,
356,Perfect-Brunch-Eggs-573684,,,,,,
357,Perfect-Hard-Boiled-Eggs-1697531,,,,,,
358,Perfect-Pancakes-986263,0.8333333333333334,0.16666666666666666,0.0,0.8333333333333334,0.16666666666666666,0.3333333333333333
359,Perfect-Pancakes-The-Pioneer-Woman-Cooks-_-Ree-Drummond-41350,,,,,,
360,Perfect-Spinach-_-Feta-Omelet-1687064,0.8333333333333334,0.5,0.0,0.8333333333333334,0.5,0.16666666666666666
361,Perfect-hard-boiled-eggs-every-time-352315,0.16666666666666666,0.3333333333333333,0.0,0.16666666666666666,0.0,0.16666666666666666
362,Pesto-Prosciutto-Dutch-Baby-1697393,0.16666666666666666,0.6666666666666666,0.0,0.5,0.16666666666666666,0.16666666666666666
363,Plus_-Non-Toxic-Waffle-Iron-Solutions-_-Real-Food-Waffle-Topping-Ideas_-1698125,0.8333333333333334,0.16666666666666666,0.0,0.6666666666666666,0.16666666666666666,0.5
364,Poffertjes-_Dutch-Mini-Pancakes_-1684654,0.16666666666666666,0.16666666666666666,0.0,0.16666666666666666,0.0,0.5
365,Polenta-Sour-Cream-Goat-Cheese-Breakfast-1682532,0.16666666666666666,0.16666666666666666,0.0,0.16666666666666666,0.0,0.16666666666666666
366,Pork-Belly-Benedict-Smothered-Fries-1705536,0.8333333333333334,0.8333333333333334,0.0,0.8333333333333334,0.16666666666666666,0.16666666666666666
367,Porridge-with-coconut-milk_Recipe-for-weight-loss_-1680861,,,,,,
368,Protein-Packed-Breakfast-623277,,,,,,
369,Pumpkin-Oatmeal-1623528,0.5,0.16666666666666666,0.0,0.16666666666666666,0.16666666666666666,0.5
370,Quick-_-Easy-Sweet-Potato-Rosti-in-your-waffle-maker-1623402,0.8333333333333334,0.8333333333333334,0.0,0.8333333333333334,0.16666666666666666,0.16666666666666666
371,Quick-_-Easy-Vanilla-Almond-Granola-1626392,0.8333333333333334,0.8333333333333334,0.0,0.16666666666666666,0.16666666666666666,0.6666666666666666
372,Quinoa-Breakfast-Bowl-1576732,,,,,,
373,Quinoa-Porridge-with-Blueberries-and-Pecans-Closet-Cooking-55001,0.16666666666666666,0.16666666666666666,0.0,0.16666666666666666,0.16666666666666666,0.5
374,Quinoa-Vegetable-Scramble-1281181,0.16666666666666666,0.16666666666666666,0.16666666666666666,0.16666666666666666,0.8333333333333334,0.16666666666666666
375,Rainbow-Pepper-_-Feta-Quiche-1704101,0.6666666666666666,0.3333333333333333,0.16666666666666666,0.8333333333333334,0.6666666666666666,0.16666666666666666
376,Rainey-Thanksgiving-Day-French-Toast-1679986,0.16666666666666666,0.16666666666666666,0.0,0.5,0.16666666666666666,0.6666666666666666
377,Raspberry-Baked-Oatmeal-1698086,,,,,,
378,Raspberry-Overnight-Oatmeal-with-Chia-Seeds-and-Acai-1459890,0.16666666666666666,0.16666666666666666,0.0,0.16666666666666666,0.5,0.3333333333333333
379,Raspberry-Skillet-Pancake-1018232,,,,,,
380,Recipes-1026148,0.5,0.6666666666666666,0.0,0.6666666666666666,0.16666666666666666,0.16666666666666666
381,Red-velvet-pancakes-333836,0.5,0.16666666666666666,0.0,0.6666666666666666,0.16666666666666666,0.8333333333333334
382,Rice-Bowl-with-Fried-Egg-and-Avocado-578427,,,,,,
383,Ricotta-Pancakes-With-Maple-Butter-1699239,,,,,,
384,Roti-Canai_Paratha-_Indian-Pancake_-1657307,,,,,,
385,Same-Day-Mock-Liege-Waffles-1686968,0.6666666666666666,0.6666666666666666,0.0,0.8333333333333334,0.16666666666666666,0.16666666666666666
386,Saturday-Skillet-Breakfast-1088578,0.8333333333333334,0.16666666666666666,0.16666666666666666,0.8333333333333334,0.8333333333333334,0.16666666666666666
387,Sausage-Breakfast-Bites-1251800,0.8333333333333334,0.8333333333333334,0.8333333333333334,0.8333333333333334,0.8333333333333334,0.16666666666666666
388,Sausage-Hash-Brown-Breakfast-Casserole-1545311,0.8333333333333334,0.5,0.0,0.8333333333333334,0.3333333333333333,0.16666666666666666
389,Sausage-_-Cornbread-Breakfast-Casserole-1613238,,,,,,
390,Sausage-_-Hash-Brown-Balls-963906,0.8333333333333334,0.8333333333333334,0.0,0.8333333333333334,0.3333333333333333,0.16666666666666666
391,Sausage-and-Apple-Frittata-with-Dill-1687580,0.6666666666666666,0.6666666666666666,0.0,0.8333333333333334,0.16666666666666666,0.16666666666666666
392,Sausage-and-Eggs-to-Go-998776,0.6666666666666666,0.6666666666666666,0.0,0.8333333333333334,0.16666666666666666,0.16666666666666666
393,Sausage_-Egg-and-Cheese-Breakfast-Roll-Ups-1236002,0.8333333333333334,0.8333333333333334,0.0,0.8333333333333334,0.16666666666666666,0.16666666666666666
394,Savory-Breakfast-Cookies-_low-carb_-1528409,0.8333333333333334,0.8333333333333334,0.5,0.8333333333333334,0.6666666666666666,0.16666666666666666
395,Savory-Cauliflower-Waffles-_-Fried-Eggs-1700084,0.8333333333333334,0.6666666666666666,0.16666666666666666,0.8333333333333334,0.16666666666666666,0.16666666666666666
396,Savory-Stuffed-French-Toast-1707520,0.8333333333333334,0.8333333333333334,0.0,0.6666666666666666,0.16666666666666666,0.16666666666666666
397,Scrambled-Egg-Whites-with-Steamed-Sweet-Potato-1690024,0.16666666666666666,0.16666666666666666,0.0,0.16666666666666666,0.16666666666666666,0.16666666666666666
398,Scrambled-Eggs-with-Cheese_-Basil_-Spinach-and-Mushrooms-1712388,0.3333333333333333,0.3333333333333333,0.0,0.6666666666666666,0.5,0.16666666666666666
399,Shakshuka---Breakfast-in-a-Skillet-1040498,0.6666666666666666,0.16666666666666666,0.16666666666666666,0.8333333333333334,0.6666666666666666,0.16666666666666666
400,Sheepherder_s-Breakfast-1031558,0.8333333333333334,0.8333333333333334,0.0,0.8333333333333334,0.5,0.16666666666666666
401,Simple-Fluffy-Sour-Cream-Pancakes-1091293,0.8333333333333334,0.16666666666666666,0.0,0.8333333333333334,0.16666666666666666,0.5
402,Simple-Hemp-Seed-Porridge-_vegan_-grain-free_-gluten-free_-1684394,,,,,,
403,Simple-Oat-Waffles-1356560,0.16666666666666666,0.16666666666666666,0.0,0.16666666666666666,0.16666666666666666,0.16666666666666666
404,Simple-Strawberry-Jam-in-the-Bread-Machine-1687024,0.16666666666666666,0.16666666666666666,0.0,0.0,0.8333333333333334,0.8333333333333334
405,Simple-Vegan-Oatmeal-1688633,0.16666666666666666,0.16666666666666666,0.0,0.16666666666666666,0.5,0.5
406,Simply-Perfect-Pancakes-1529207,0.8333333333333334,0.16666666666666666,0.0,0.8333333333333334,0.16666666666666666,0.5
407,Single-Serve-Slow-Cooker-Oatmeal-1687129,,,,,,
408,Single-Serving-Baked-Apple-Oatmeal-1702556,,,,,,
409,Sir-Bananas-French-Toast-Bake-1557280,0.16666666666666666,0.16666666666666666,0.0,0.16666666666666666,0.3333333333333333,0.6666666666666666
410,Skinny-PB-_-J-French-Toast-Sticks-1697179,0.3333333333333333,0.5,0.0,0.6666666666666666,0.16666666666666666,0.5
411,Slow-Cooker-Blueberry-Almond-Oatmeal-1707707,0.16666666666666666,0.16666666666666666,0.0,0.16666666666666666,0.16666666666666666,0.6666666666666666
412,Slow-Cooker-Creamy-Almond-Oatmeal-1636131,0.16666666666666666,0.16666666666666666,0.0,0.16666666666666666,0.3333333333333333,0.5
413,Slow-Cooker-French-Toast-1580361,0.3333333333333333,0.3333333333333333,0.0,0.5,0.16666666666666666,0.5
414,Smashed-Avocado-Poached-Egg-Toast-1703782,,,,,,
415,Smoked-Salmon-Eggs-Benedict-with-Dill-Waffles-1560231,0.6666666666666666,0.3333333333333333,0.0,0.8333333333333334,0.16666666666666666,0.3333333333333333
416,Snickerdoodle-Pancakes-1069034,0.8333333333333334,0.16666666666666666,0.0,0.8333333333333334,0.16666666666666666,0.5
417,Snickerdoodle-Pancakes-1641010,,,,,,
418,Sourdough-Pancakes-601705,,,,,,
419,Southern-sausage-gravy-308032,0.5,0.5,0.0,0.8333333333333334,0.16666666666666666,0.16666666666666666
420,Spaghetti-Squash-Egg-Baskets-1249325,0.16666666666666666,0.16666666666666666,0.0,0.16666666666666666,0.16666666666666666,0.16666666666666666
421,Spanish-Omelette-1541158,0.16666666666666666,0.3333333333333333,0.0,0.16666666666666666,0.6666666666666666,0.16666666666666666
422,Spanish-Style-Eggs-1634900,0.3333333333333333,0.16666666666666666,0.6666666666666666,0.6666666666666666,0.8333333333333334,0.16666666666666666
423,Spelt-Breakfast-1706599,,,,,,
424,Spicy-Chickpea-Scramble-1611328,0.8333333333333334,0.3333333333333333,0.5,0.16666666666666666,0.8333333333333334,0.5
425,Spicy-Summer-Grits-1633361,0.16666666666666666,0.16666666666666666,0.6666666666666666,0.16666666666666666,0.16666666666666666,0.16666666666666666
426,Spinach-And-Cheese-Egg-Muffins-1267448,,,,,,
427,Spinach-Omelet-with-Gouda-1690015,,,,,,
428,Spinach-and-Artichoke-Strata-1689298,0.6666666666666666,0.16666666666666666,0.16666666666666666,0.6666666666666666,0.6666666666666666,0.16666666666666666
429,Spinach-and-Egg-White-Omelet-566008,0.3333333333333333,0.16666666666666666,0.0,0.16666666666666666,0.6666666666666666,0.16666666666666666
430,Spinach-and-mozzarella-egg-bake-309252,,,,,,
431,Spinach_-Sun-Dried-Tomato_-and-Feta-Omelets-with-Pesto-1668183,,,,,,
432,Spring-Onion-Breakfast-Tacos-with-Mango-Habanero-Salsa-1702001,0.3333333333333333,0.3333333333333333,0.3333333333333333,0.16666666666666666,0.6666666666666666,0.5
433,Starbucks-Inspired-Oatmeal-1201429,0.3333333333333333,0.16666666666666666,0.0,0.5,0.6666666666666666,0.5
434,Steak-and-Egg-Breakfast-Tacos-1687037,,,,,,
435,Strawberries-_-Cream-Breakfast-Quinoa-1636229,0.16666666666666666,0.16666666666666666,0.0,0.16666666666666666,0.6666666666666666,0.5
436,Strawberries-_-Cream-French-Toast-Bake-1612353,,,,,,
437,Strawberries-_-Cream-Oatmeal-1640883,0.16666666666666666,0.16666666666666666,0.0,0.16666666666666666,0.6666666666666666,0.3333333333333333
438,Strawberries-and-Cream-Baked-Oatmeal-1620108,0.6666666666666666,0.16666666666666666,0.0,0.6666666666666666,0.8333333333333334,0.5
439,Strawberry-Blueberry-Overnight-Oats-1643376,0.16666666666666666,0.5,0.0,0.16666666666666666,0.6666666666666666,0.16666666666666666
440,Strawberry-Cream-Cheese-French-Toast-1707122,,,,,,
441,Strawberry-Overnight-Oatmeal-1044048,0.16666666666666666,0.16666666666666666,0.0,0.16666666666666666,0.6666666666666666,0.5
442,Strawberry-Stuffed-French-Toast-1613317,,,,,,
443,Summery-Spelt-Banana-Waffles-_vegan_-1693684,0.8333333333333334,0.16666666666666666,0.0,0.6666666666666666,0.16666666666666666,0.3333333333333333
444,Super-Easy-European-Style-Potato-Pancakes-1561455,0.6666666666666666,0.16666666666666666,0.0,0.8333333333333334,0.8333333333333334,0.16666666666666666
445,Swedish-Pancakes-1094763,0.16666666666666666,0.16666666666666666,0.0,0.16666666666666666,0.16666666666666666,0.3333333333333333
446,Sweet-Grated-Veggie-Breakfast-Hash-with-Raisins-1689588,0.16666666666666666,0.16666666666666666,0.0,0.16666666666666666,0.8333333333333334,0.5
447,Sweet-Pepper-Hash-Brown-Baked-Eggs-1704454,,,,,,
448,Sweet-Potato-Breakfast-Cookies-1634181,,,,,,
449,Sweet-Potato-Breakfast-Skillet-1683415,,,,,,
450,Sweet-Potato-Porridge-1698284,0.3333333333333333,0.5,0.0,0.16666666666666666,0.3333333333333333,0.5
451,Sweet-and-Spicy-Breakfast-Skillet-1320698,0.8333333333333334,0.16666666666666666,0.16666666666666666,0.8333333333333334,0.8333333333333334,0.16666666666666666
452,Tempeh-Benedict-with-Vegan-Hollandaise-Sauce-1703064,,,,,,
453,Terang-Bulan-Pancake-1702679,,,,,,
454,Tex-Mex-Breakfast-Bowls-1686301,,,,,,
455,Tex-Mex-Breakfast-Muffins-1454116,0.8333333333333334,0.16666666666666666,0.3333333333333333,0.6666666666666666,0.5,0.16666666666666666
456,Thanksgiving-breakfast-hash-with-cheddar-mashed-potato-pancakes-333614,,,,,,
457,The-Perfect-Omelet-1696481,,,,,,
458,The-Perfect-Waffles-981213,0.6666666666666666,0.3333333333333333,0.0,0.3333333333333333,0.16666666666666666,0.3333333333333333
459,The-perfect-soft-boiled-egg-307984,0.8333333333333334,0.6666666666666666,0.0,0.8333333333333334,0.16666666666666666,0.16666666666666666
460,Tomato-Basil-Egg-Scramble-1252682,0.8333333333333334,0.16666666666666666,0.0,0.8333333333333334,0.5,0.16666666666666666
461,Triple-Berry-Baked-Oatmeal-1687884,0.6666666666666666,0.16666666666666666,0.0,0.6666666666666666,0.6666666666666666,0.5
462,Triple-Berry-Baked-Oatmeal-1696529,0.16666666666666666,0.16666666666666666,0.0,0.16666666666666666,0.8333333333333334,0.5
463,Tropical-Smoothie-Berry-Breakfast-Pizza-1710446,,,,,,
464,Tropical-Summer-Coconut-Oatmeal-1705651,,,,,,
465,Turkey-Sausage-Patties-with-Cranberry-Relish-772048,,,,,,
466,Turmeric-Eggs-1637141,,,,,,
467,Turmeric-Persimmon-Porridge-1696030,,,,,,
468,VANILLA-MAPLE-WAFFLE-1712440,,,,,,
469,Vanilla-Cinnamon-French-Toast-1057625,0.3333333333333333,0.16666666666666666,0.0,0.6666666666666666,0.0,0.5
470,Vanilla-Cinnamon-French-Toast-995973,,,,,,
471,Vanilla-Pancakes-1035781,0.8333333333333334,0.8333333333333334,0.0,0.8333333333333334,0.16666666666666666,0.16666666666666666
472,Vegan-Banana-Hazelnut-Pancakes-1602350,,,,,,
473,Vegan-Banana-Oatmeal-Pancakes-752273,0.8333333333333334,0.16666666666666666,0.0,0.6666666666666666,0.3333333333333333,0.3333333333333333
474,Vegan-Blueberry-Pancakes-1688509,0.8333333333333334,0.16666666666666666,0.0,0.8333333333333334,0.3333333333333333,0.5
475,Vegan-Buckwheat-Pancakes-1703060,,,,,,
476,Vegan-Coconut-Pancakes-1573721,0.8333333333333334,0.16666666666666666,0.0,0.6666666666666666,0.16666666666666666,0.16666666666666666
477,Vegan-Coconut-Waffles-_for-Mama-_-Babe_-1702323,0.8333333333333334,0.6666666666666666,0.0,0.6666666666666666,0.5,0.5
478,Vegan-French-Toast-Makes-Breakfast-Better-1250659,,,,,,
479,Vegan-Fruit-and-Veggie-Everything-Breakfast-Loaf-1706267,0.8333333333333334,0.3333333333333333,0.0,0.6666666666666666,0.3333333333333333,0.6666666666666666
480,Vegan-Pancakes-1214928,,,,,,
481,Vegan-Peanut-Butter-and-Jelly-French-Toast-1703156,,,,,,
482,Veggie-Egg-Cups-1648521,,,,,,
483,Very-Lush-Omelet-_-1617619,0.6666666666666666,0.5,0.0,0.8333333333333334,0.16666666666666666,0.16666666666666666
484,Weekend-Warrior-Omelette-1611419,0.5,0.16666666666666666,0.0,0.16666666666666666,0.6666666666666666,0.16666666666666666
485,Whole-30-California-Avocado-Sweet-Potato-Hash-1593576,0.8333333333333334,0.16666666666666666,0.5,0.6666666666666666,0.8333333333333334,0.16666666666666666
486,Whole-Wheat-Sour-Dough-Pancakes-1603729,0.8333333333333334,0.16666666666666666,0.0,0.6666666666666666,0.16666666666666666,0.16666666666666666
487,Whole-Wheat-Yogurt-Waffles-1619622,0.8333333333333334,0.16666666666666666,0.0,0.5,0.16666666666666666,0.5
488,Whole-wheat-pancakes-_new-and-improved_-352121,,,,,,
489,Whole-wheat-protein-pancakes-309984,0.8333333333333334,0.8333333333333334,0.0,0.8333333333333334,0.0,0.16666666666666666
490,Wild-Rice-Veggie-Egg-Bake-_Gluten-Free_-1700180,0.5,0.3333333333333333,0.0,0.16666666666666666,0.16666666666666666,0.16666666666666666
491,Yogurt-Breakfast-Bowl-1521229,,,,,,
492,Zippy-Zucchini-Frittata-1704462,0.5,0.16666666666666666,0.0,0.3333333333333333,0.8333333333333334,0.16666666666666666
493,Zoodles-and-Eggs-1685332,0.6666666666666666,0.16666666666666666,0.16666666666666666,0.6666666666666666,0.6666666666666666,0.16666666666666666
494,Zucchini-Pancakes-1683302,0.5,0.16666666666666666,0.0,0.16666666666666666,0.8333333333333334,0.16666666666666666
495,Zucchini-Pancakes-Grain-free-1001104,0.8333333333333334,0.5,0.0,0.8333333333333334,0.6666666666666666,0.16666666666666666
496,Zucchini-and-Egg-Breakfast-1686975,0.16666666666666666,0.16666666666666666,0.0,0.16666666666666666,0.6666666666666666,0.16666666666666666
497,_Double-Stuf-OREO-Pancakes_-1091311,0.5,0.16666666666666666,0.0,0.6666666666666666,0.16666666666666666,0.6666666666666666
